{"cameraMode":{"drawMode":0,"name":"Shaded","section":"Shading Mode"},"sceneLighting":true,"audioPlay":false,"sceneViewState":{"m_AlwaysRefresh":false,"showFog":true,"showSkybox":true,"showFlares":true,"showImageEffects":true,"showParticleSystems":true,"showVisualEffectGraphs":true,"m_FxEnabled":true},"in2DMode":false,"pivot":{"x":140.13856506347657,"y":-86.47771453857422,"z":608.54248046875},"rotation":{"x":0.08987747877836228,"y":-0.023402148857712747,"z":0.0020056834910064937,"w":0.9958875179290772},"size":263.63299560546877,"orthographic":false}